Date-Time,FB4.version,FB4.File_dir,FB4_Log_File,Species_Num,Species_txt,Values_from,Run_Name,Initial_W,fit.to,fit.to.value,First_day,Last_day,N_indiv,Oxycal,p-value,Total consumption (g),Final weight (g),Pop Number,Pop Biomass (g),Cum. Cons. Pop. (g),Run time (s),OK. Energy budget balanced.,T_File,Diet_prop_File,Prey_E_File,EGEQ,Indigestible_Prey,PREDEDEQ,Predator_ED,calc.pop_mort,Mortality_File,calc.spawn,Reproduction_File,calc.contaminant,Prey_conc_File,Contam_assim_File,Contam_trans_eff_File,Init_Pred-conc,Contam_EQ,calc.nut
Sun Jun 19 14:43:52 2022,v1.1.3,/Volumes/GoogleDrive/My Drive/UAF Semesters/Thesis/Current Draft/Chapter 1/submissions/new submission/v3_draft_TAFS_Meyer/v3_submission_format/kenai_juv_salmon_growth_analyses/other/FB4_1.1.3_2015_2016.1,FB4_2015_2016_models.csv,21,Chinook salmon (adult),design_2015_2016_final.csv,2015_Early Summer_Lower Kenai River_Chinook_Age_0,1.3709931,Weight,1.660589,1,31,1,13560,0.283203,3.232,1.661,1.000,1.661,3.232,0.671,0.000,chnk/2015_Early Summer_Lower Kenai River_Chinook_Age_0/Temperature.csv,chnk/2015_Early Summer_Lower Kenai River_Chinook_Age_0/Diet_prop.csv,chnk/2015_Early Summer_Lower Kenai River_Chinook_Age_0/Prey_E.csv,3,chnk/2015_Early Summer_Lower Kenai River_Chinook_Age_0/Indigestible_Prey.csv,2,ED = a+b*W,FALSE,NA,FALSE,NA,FALSE,NA,NA,NA,NA,NA,FALSE
Sun Jun 19 14:43:53 2022,v1.1.3,/Volumes/GoogleDrive/My Drive/UAF Semesters/Thesis/Current Draft/Chapter 1/submissions/new submission/v3_draft_TAFS_Meyer/v3_submission_format/kenai_juv_salmon_growth_analyses/other/FB4_1.1.3_2015_2016.1,FB4_2015_2016_models.csv,22,Coho salmon (adult),design_2015_2016_final.csv,2015_Early Summer_Lower Beaver Creek_Coho_Age_1,3.8584886,Weight,4.241751,1,24,1,13560,0.296127,5.348,4.242,1.000,4.242,5.348,0.539,0.000,coho/2015_Early Summer_Lower Beaver Creek_Coho_Age_1/Temperature.csv,coho/2015_Early Summer_Lower Beaver Creek_Coho_Age_1/Diet_prop.csv,coho/2015_Early Summer_Lower Beaver Creek_Coho_Age_1/Prey_E.csv,3,coho/2015_Early Summer_Lower Beaver Creek_Coho_Age_1/Indigestible_Prey.csv,2,ED = a+b*W,FALSE,NA,FALSE,NA,FALSE,NA,NA,NA,NA,NA,FALSE
Sun Jun 19 14:43:54 2022,v1.1.3,/Volumes/GoogleDrive/My Drive/UAF Semesters/Thesis/Current Draft/Chapter 1/submissions/new submission/v3_draft_TAFS_Meyer/v3_submission_format/kenai_juv_salmon_growth_analyses/other/FB4_1.1.3_2015_2016.1,FB4_2015_2016_models.csv,22,Coho salmon (adult),design_2015_2016_final.csv,2015_Early Summer_Middle Beaver Creek_Coho_Age_1,5.2129817,Weight,5.673064,1,36,1,13560,0.278519,9.555,5.673,1.000,5.673,9.555,0.614,0.000,coho/2015_Early Summer_Middle Beaver Creek_Coho_Age_1/Temperature.csv,coho/2015_Early Summer_Middle Beaver Creek_Coho_Age_1/Diet_prop.csv,coho/2015_Early Summer_Middle Beaver Creek_Coho_Age_1/Prey_E.csv,3,coho/2015_Early Summer_Middle Beaver Creek_Coho_Age_1/Indigestible_Prey.csv,2,ED = a+b*W,FALSE,NA,FALSE,NA,FALSE,NA,NA,NA,NA,NA,FALSE
Sun Jun 19 14:43:55 2022,v1.1.3,/Volumes/GoogleDrive/My Drive/UAF Semesters/Thesis/Current Draft/Chapter 1/submissions/new submission/v3_draft_TAFS_Meyer/v3_submission_format/kenai_juv_salmon_growth_analyses/other/FB4_1.1.3_2015_2016.1,FB4_2015_2016_models.csv,22,Coho salmon (adult),design_2015_2016_final.csv,2015_Early Summer_Middle Russian River_Coho_Age_0,1.1239285,Weight,1.439018,1,26,1,13560,0.31427,2.884,1.439,1.000,1.439,2.884,0.365,0.000,coho/2015_Early Summer_Middle Russian River_Coho_Age_0/Temperature.csv,coho/2015_Early Summer_Middle Russian River_Coho_Age_0/Diet_prop.csv,coho/2015_Early Summer_Middle Russian River_Coho_Age_0/Prey_E.csv,3,coho/2015_Early Summer_Middle Russian River_Coho_Age_0/Indigestible_Prey.csv,2,ED = a+b*W,FALSE,NA,FALSE,NA,FALSE,NA,NA,NA,NA,NA,FALSE
Sun Jun 19 14:43:56 2022,v1.1.3,/Volumes/GoogleDrive/My Drive/UAF Semesters/Thesis/Current Draft/Chapter 1/submissions/new submission/v3_draft_TAFS_Meyer/v3_submission_format/kenai_juv_salmon_growth_analyses/other/FB4_1.1.3_2015_2016.1,FB4_2015_2016_models.csv,22,Coho salmon (adult),design_2015_2016_final.csv,2015_Early Summer_Middle Russian River_Coho_Age_1,4.9591211,Weight,8.455798,1,26,1,13560,0.62751,18.848,8.456,1.000,8.456,18.848,0.410,0.000,coho/2015_Early Summer_Middle Russian River_Coho_Age_1/Temperature.csv,coho/2015_Early Summer_Middle Russian River_Coho_Age_1/Diet_prop.csv,coho/2015_Early Summer_Middle Russian River_Coho_Age_1/Prey_E.csv,3,coho/2015_Early Summer_Middle Russian River_Coho_Age_1/Indigestible_Prey.csv,2,ED = a+b*W,FALSE,NA,FALSE,NA,FALSE,NA,NA,NA,NA,NA,FALSE
Sun Jun 19 14:43:56 2022,v1.1.3,/Volumes/GoogleDrive/My Drive/UAF Semesters/Thesis/Current Draft/Chapter 1/submissions/new submission/v3_draft_TAFS_Meyer/v3_submission_format/kenai_juv_salmon_growth_analyses/other/FB4_1.1.3_2015_2016.1,FB4_2015_2016_models.csv,22,Coho salmon (adult),design_2015_2016_final.csv,2015_Early Summer_Upper Russian River_Coho_Age_0,0.9862471,Weight,1.611731,1,35,1,13560,0.347412,4.283,1.612,1.000,1.612,4.283,0.470,0.000,coho/2015_Early Summer_Upper Russian River_Coho_Age_0/Temperature.csv,coho/2015_Early Summer_Upper Russian River_Coho_Age_0/Diet_prop.csv,coho/2015_Early Summer_Upper Russian River_Coho_Age_0/Prey_E.csv,3,coho/2015_Early Summer_Upper Russian River_Coho_Age_0/Indigestible_Prey.csv,2,ED = a+b*W,FALSE,NA,FALSE,NA,FALSE,NA,NA,NA,NA,NA,FALSE
Sun Jun 19 14:43:57 2022,v1.1.3,/Volumes/GoogleDrive/My Drive/UAF Semesters/Thesis/Current Draft/Chapter 1/submissions/new submission/v3_draft_TAFS_Meyer/v3_submission_format/kenai_juv_salmon_growth_analyses/other/FB4_1.1.3_2015_2016.1,FB4_2015_2016_models.csv,22,Coho salmon (adult),design_2015_2016_final.csv,2015_Early Summer_Upper Russian River_Coho_Age_1,3.6828119,Weight,7.428955,1,35,1,13560,0.581573,20.273,7.429,1.000,7.429,20.273,0.533,0.000,coho/2015_Early Summer_Upper Russian River_Coho_Age_1/Temperature.csv,coho/2015_Early Summer_Upper Russian River_Coho_Age_1/Diet_prop.csv,coho/2015_Early Summer_Upper Russian River_Coho_Age_1/Prey_E.csv,3,coho/2015_Early Summer_Upper Russian River_Coho_Age_1/Indigestible_Prey.csv,2,ED = a+b*W,FALSE,NA,FALSE,NA,FALSE,NA,NA,NA,NA,NA,FALSE
Sun Jun 19 14:43:58 2022,v1.1.3,/Volumes/GoogleDrive/My Drive/UAF Semesters/Thesis/Current Draft/Chapter 1/submissions/new submission/v3_draft_TAFS_Meyer/v3_submission_format/kenai_juv_salmon_growth_analyses/other/FB4_1.1.3_2015_2016.1,FB4_2015_2016_models.csv,22,Coho salmon (adult),design_2015_2016_final.csv,2015_Early Summer_Lower Ptarmigan Creek_Coho_Age_1,4.2220785,Weight,5.041997,1,37,1,13560,0.278397,8.743,5.042,1.000,5.042,8.743,0.556,0.000,coho/2015_Early Summer_Lower Ptarmigan Creek_Coho_Age_1/Temperature.csv,coho/2015_Early Summer_Lower Ptarmigan Creek_Coho_Age_1/Diet_prop.csv,coho/2015_Early Summer_Lower Ptarmigan Creek_Coho_Age_1/Prey_E.csv,3,coho/2015_Early Summer_Lower Ptarmigan Creek_Coho_Age_1/Indigestible_Prey.csv,2,ED = a+b*W,FALSE,NA,FALSE,NA,FALSE,NA,NA,NA,NA,NA,FALSE
Sun Jun 19 14:43:58 2022,v1.1.3,/Volumes/GoogleDrive/My Drive/UAF Semesters/Thesis/Current Draft/Chapter 1/submissions/new submission/v3_draft_TAFS_Meyer/v3_submission_format/kenai_juv_salmon_growth_analyses/other/FB4_1.1.3_2015_2016.1,FB4_2015_2016_models.csv,22,Coho salmon (adult),design_2015_2016_final.csv,2015_Early Summer_Middle Ptarmigan Creek_Coho_Age_1,7.6373639,Weight,5.563584,1,22,1,13560,0.011749,0.283,5.563,1.000,5.563,0.283,0.332,0.000,coho/2015_Early Summer_Middle Ptarmigan Creek_Coho_Age_1/Temperature.csv,coho/2015_Early Summer_Middle Ptarmigan Creek_Coho_Age_1/Diet_prop.csv,coho/2015_Early Summer_Middle Ptarmigan Creek_Coho_Age_1/Prey_E.csv,3,coho/2015_Early Summer_Middle Ptarmigan Creek_Coho_Age_1/Indigestible_Prey.csv,2,ED = a+b*W,FALSE,NA,FALSE,NA,FALSE,NA,NA,NA,NA,NA,FALSE
Sun Jun 19 14:43:59 2022,v1.1.3,/Volumes/GoogleDrive/My Drive/UAF Semesters/Thesis/Current Draft/Chapter 1/submissions/new submission/v3_draft_TAFS_Meyer/v3_submission_format/kenai_juv_salmon_growth_analyses/other/FB4_1.1.3_2015_2016.1,FB4_2015_2016_models.csv,21,Chinook salmon (adult),design_2015_2016_final.csv,2016_Early Summer_Lower Russian River_Chinook_Age_0,1.3307592,Weight,3.216875,1,48,1,13560,0.312546,6.594,3.217,1.000,3.217,6.594,0.637,0.000,chnk/2016_Early Summer_Lower Russian River_Chinook_Age_0/Temperature.csv,chnk/2016_Early Summer_Lower Russian River_Chinook_Age_0/Diet_prop.csv,chnk/2016_Early Summer_Lower Russian River_Chinook_Age_0/Prey_E.csv,3,chnk/2016_Early Summer_Lower Russian River_Chinook_Age_0/Indigestible_Prey.csv,2,ED = a+b*W,FALSE,NA,FALSE,NA,FALSE,NA,NA,NA,NA,NA,FALSE
Sun Jun 19 14:44:00 2022,v1.1.3,/Volumes/GoogleDrive/My Drive/UAF Semesters/Thesis/Current Draft/Chapter 1/submissions/new submission/v3_draft_TAFS_Meyer/v3_submission_format/kenai_juv_salmon_growth_analyses/other/FB4_1.1.3_2015_2016.1,FB4_2015_2016_models.csv,21,Chinook salmon (adult),design_2015_2016_final.csv,2016_Early Summer_Lower Kenai River_Chinook_Age_0,1.1817263,Weight,2.151772,1,29,1,13560,0.48053,4.986,2.152,1.000,2.152,4.986,0.482,0.000,chnk/2016_Early Summer_Lower Kenai River_Chinook_Age_0/Temperature.csv,chnk/2016_Early Summer_Lower Kenai River_Chinook_Age_0/Diet_prop.csv,chnk/2016_Early Summer_Lower Kenai River_Chinook_Age_0/Prey_E.csv,3,chnk/2016_Early Summer_Lower Kenai River_Chinook_Age_0/Indigestible_Prey.csv,2,ED = a+b*W,FALSE,NA,FALSE,NA,FALSE,NA,NA,NA,NA,NA,FALSE
Sun Jun 19 14:44:00 2022,v1.1.3,/Volumes/GoogleDrive/My Drive/UAF Semesters/Thesis/Current Draft/Chapter 1/submissions/new submission/v3_draft_TAFS_Meyer/v3_submission_format/kenai_juv_salmon_growth_analyses/other/FB4_1.1.3_2015_2016.1,FB4_2015_2016_models.csv,22,Coho salmon (adult),design_2015_2016_final.csv,2016_Early Summer_Lower Beaver Creek_Coho_Age_1,4.0212603,Weight,5.796836,1,28,1,13560,0.42807,10.489,5.797,1.000,5.797,10.489,0.559,0.000,coho/2016_Early Summer_Lower Beaver Creek_Coho_Age_1/Temperature.csv,coho/2016_Early Summer_Lower Beaver Creek_Coho_Age_1/Diet_prop.csv,coho/2016_Early Summer_Lower Beaver Creek_Coho_Age_1/Prey_E.csv,3,coho/2016_Early Summer_Lower Beaver Creek_Coho_Age_1/Indigestible_Prey.csv,2,ED = a+b*W,FALSE,NA,FALSE,NA,FALSE,NA,NA,NA,NA,NA,FALSE
Sun Jun 19 14:44:01 2022,v1.1.3,/Volumes/GoogleDrive/My Drive/UAF Semesters/Thesis/Current Draft/Chapter 1/submissions/new submission/v3_draft_TAFS_Meyer/v3_submission_format/kenai_juv_salmon_growth_analyses/other/FB4_1.1.3_2015_2016.1,FB4_2015_2016_models.csv,22,Coho salmon (adult),design_2015_2016_final.csv,2016_Early Summer_Middle Beaver Creek_Coho_Age_1,4.9312492,Weight,5.963891,1,26,1,13560,0.34375,8.422,5.964,1.000,5.964,8.422,0.374,0.000,coho/2016_Early Summer_Middle Beaver Creek_Coho_Age_1/Temperature.csv,coho/2016_Early Summer_Middle Beaver Creek_Coho_Age_1/Diet_prop.csv,coho/2016_Early Summer_Middle Beaver Creek_Coho_Age_1/Prey_E.csv,3,coho/2016_Early Summer_Middle Beaver Creek_Coho_Age_1/Indigestible_Prey.csv,2,ED = a+b*W,FALSE,NA,FALSE,NA,FALSE,NA,NA,NA,NA,NA,FALSE
Sun Jun 19 14:44:02 2022,v1.1.3,/Volumes/GoogleDrive/My Drive/UAF Semesters/Thesis/Current Draft/Chapter 1/submissions/new submission/v3_draft_TAFS_Meyer/v3_submission_format/kenai_juv_salmon_growth_analyses/other/FB4_1.1.3_2015_2016.1,FB4_2015_2016_models.csv,22,Coho salmon (adult),design_2015_2016_final.csv,2016_Early Summer_Upper Beaver Creek_Coho_Age_1,6.6310386,Weight,7.870698,1,27,1,13560,0.348572,11.047,7.871,1.000,7.871,11.047,0.510,0.000,coho/2016_Early Summer_Upper Beaver Creek_Coho_Age_1/Temperature.csv,coho/2016_Early Summer_Upper Beaver Creek_Coho_Age_1/Diet_prop.csv,coho/2016_Early Summer_Upper Beaver Creek_Coho_Age_1/Prey_E.csv,3,coho/2016_Early Summer_Upper Beaver Creek_Coho_Age_1/Indigestible_Prey.csv,2,ED = a+b*W,FALSE,NA,FALSE,NA,FALSE,NA,NA,NA,NA,NA,FALSE
Sun Jun 19 14:44:02 2022,v1.1.3,/Volumes/GoogleDrive/My Drive/UAF Semesters/Thesis/Current Draft/Chapter 1/submissions/new submission/v3_draft_TAFS_Meyer/v3_submission_format/kenai_juv_salmon_growth_analyses/other/FB4_1.1.3_2015_2016.1,FB4_2015_2016_models.csv,22,Coho salmon (adult),design_2015_2016_final.csv,2016_Early Summer_Lower Russian River_Coho_Age_1,3.6564489,Weight,5.8031,1,48,1,13560,0.370995,13.689,5.803,1.000,5.803,13.689,0.721,0.000,coho/2016_Early Summer_Lower Russian River_Coho_Age_1/Temperature.csv,coho/2016_Early Summer_Lower Russian River_Coho_Age_1/Diet_prop.csv,coho/2016_Early Summer_Lower Russian River_Coho_Age_1/Prey_E.csv,3,coho/2016_Early Summer_Lower Russian River_Coho_Age_1/Indigestible_Prey.csv,2,ED = a+b*W,FALSE,NA,FALSE,NA,FALSE,NA,NA,NA,NA,NA,FALSE
Sun Jun 19 14:44:03 2022,v1.1.3,/Volumes/GoogleDrive/My Drive/UAF Semesters/Thesis/Current Draft/Chapter 1/submissions/new submission/v3_draft_TAFS_Meyer/v3_submission_format/kenai_juv_salmon_growth_analyses/other/FB4_1.1.3_2015_2016.1,FB4_2015_2016_models.csv,22,Coho salmon (adult),design_2015_2016_final.csv,2016_Early Summer_Middle Russian River_Coho_Age_1,4.6537489,Weight,6.812922,1,29,1,13560,0.453751,13.316,6.813,1.000,6.813,13.316,0.522,0.000,coho/2016_Early Summer_Middle Russian River_Coho_Age_1/Temperature.csv,coho/2016_Early Summer_Middle Russian River_Coho_Age_1/Diet_prop.csv,coho/2016_Early Summer_Middle Russian River_Coho_Age_1/Prey_E.csv,3,coho/2016_Early Summer_Middle Russian River_Coho_Age_1/Indigestible_Prey.csv,2,ED = a+b*W,FALSE,NA,FALSE,NA,FALSE,NA,NA,NA,NA,NA,FALSE
Sun Jun 19 14:44:04 2022,v1.1.3,/Volumes/GoogleDrive/My Drive/UAF Semesters/Thesis/Current Draft/Chapter 1/submissions/new submission/v3_draft_TAFS_Meyer/v3_submission_format/kenai_juv_salmon_growth_analyses/other/FB4_1.1.3_2015_2016.1,FB4_2015_2016_models.csv,22,Coho salmon (adult),design_2015_2016_final.csv,2016_Early Summer_Lower Ptarmigan Creek_Coho_Age_1,3.9226176,Weight,5.532359,1,26,1,13560,0.39267,8.445,5.532,1.000,5.532,8.445,0.407,0.000,coho/2016_Early Summer_Lower Ptarmigan Creek_Coho_Age_1/Temperature.csv,coho/2016_Early Summer_Lower Ptarmigan Creek_Coho_Age_1/Diet_prop.csv,coho/2016_Early Summer_Lower Ptarmigan Creek_Coho_Age_1/Prey_E.csv,3,coho/2016_Early Summer_Lower Ptarmigan Creek_Coho_Age_1/Indigestible_Prey.csv,2,ED = a+b*W,FALSE,NA,FALSE,NA,FALSE,NA,NA,NA,NA,NA,FALSE
Sun Jun 19 14:44:05 2022,v1.1.3,/Volumes/GoogleDrive/My Drive/UAF Semesters/Thesis/Current Draft/Chapter 1/submissions/new submission/v3_draft_TAFS_Meyer/v3_submission_format/kenai_juv_salmon_growth_analyses/other/FB4_1.1.3_2015_2016.1,FB4_2015_2016_models.csv,21,Chinook salmon (adult),design_2015_2016_final.csv,2015_Mid-Summer_Middle Kenai River_Chinook_Age_0,2.0957217,Weight,2.732949,1,24,1,13560,0.380951,4.680,2.733,1.000,2.733,4.680,0.401,0.000,chnk/2015_Mid-Summer_Middle Kenai River_Chinook_Age_0/Temperature.csv,chnk/2015_Mid-Summer_Middle Kenai River_Chinook_Age_0/Diet_prop.csv,chnk/2015_Mid-Summer_Middle Kenai River_Chinook_Age_0/Prey_E.csv,3,chnk/2015_Mid-Summer_Middle Kenai River_Chinook_Age_0/Indigestible_Prey.csv,2,ED = a+b*W,FALSE,NA,FALSE,NA,FALSE,NA,NA,NA,NA,NA,FALSE
Sun Jun 19 14:44:05 2022,v1.1.3,/Volumes/GoogleDrive/My Drive/UAF Semesters/Thesis/Current Draft/Chapter 1/submissions/new submission/v3_draft_TAFS_Meyer/v3_submission_format/kenai_juv_salmon_growth_analyses/other/FB4_1.1.3_2015_2016.1,FB4_2015_2016_models.csv,22,Coho salmon (adult),design_2015_2016_final.csv,2015_Mid-Summer_Lower Beaver Creek_Coho_Age_0,0.8069425,Weight,1.140439,1,38,1,13560,0.330688,3.555,1.140,1.000,1.140,3.555,0.478,0.000,coho/2015_Mid-Summer_Lower Beaver Creek_Coho_Age_0/Temperature.csv,coho/2015_Mid-Summer_Lower Beaver Creek_Coho_Age_0/Diet_prop.csv,coho/2015_Mid-Summer_Lower Beaver Creek_Coho_Age_0/Prey_E.csv,3,coho/2015_Mid-Summer_Lower Beaver Creek_Coho_Age_0/Indigestible_Prey.csv,2,ED = a+b*W,FALSE,NA,FALSE,NA,FALSE,NA,NA,NA,NA,NA,FALSE
Sun Jun 19 14:44:06 2022,v1.1.3,/Volumes/GoogleDrive/My Drive/UAF Semesters/Thesis/Current Draft/Chapter 1/submissions/new submission/v3_draft_TAFS_Meyer/v3_submission_format/kenai_juv_salmon_growth_analyses/other/FB4_1.1.3_2015_2016.1,FB4_2015_2016_models.csv,22,Coho salmon (adult),design_2015_2016_final.csv,2015_Mid-Summer_Lower Beaver Creek_Coho_Age_1,4.2417509,Weight,6.320562,1,38,1,13560,0.408325,14.893,6.321,1.000,6.321,14.893,0.476,0.000,coho/2015_Mid-Summer_Lower Beaver Creek_Coho_Age_1/Temperature.csv,coho/2015_Mid-Summer_Lower Beaver Creek_Coho_Age_1/Diet_prop.csv,coho/2015_Mid-Summer_Lower Beaver Creek_Coho_Age_1/Prey_E.csv,3,coho/2015_Mid-Summer_Lower Beaver Creek_Coho_Age_1/Indigestible_Prey.csv,2,ED = a+b*W,FALSE,NA,FALSE,NA,FALSE,NA,NA,NA,NA,NA,FALSE
Sun Jun 19 14:44:06 2022,v1.1.3,/Volumes/GoogleDrive/My Drive/UAF Semesters/Thesis/Current Draft/Chapter 1/submissions/new submission/v3_draft_TAFS_Meyer/v3_submission_format/kenai_juv_salmon_growth_analyses/other/FB4_1.1.3_2015_2016.1,FB4_2015_2016_models.csv,22,Coho salmon (adult),design_2015_2016_final.csv,2015_Mid-Summer_Middle Beaver Creek_Coho_Age_1,5.6730644,Weight,6.145293,1,28,1,13560,0.299561,8.804,6.145,1.000,6.145,8.804,0.425,0.000,coho/2015_Mid-Summer_Middle Beaver Creek_Coho_Age_1/Temperature.csv,coho/2015_Mid-Summer_Middle Beaver Creek_Coho_Age_1/Diet_prop.csv,coho/2015_Mid-Summer_Middle Beaver Creek_Coho_Age_1/Prey_E.csv,3,coho/2015_Mid-Summer_Middle Beaver Creek_Coho_Age_1/Indigestible_Prey.csv,2,ED = a+b*W,FALSE,NA,FALSE,NA,FALSE,NA,NA,NA,NA,NA,FALSE
Sun Jun 19 14:44:07 2022,v1.1.3,/Volumes/GoogleDrive/My Drive/UAF Semesters/Thesis/Current Draft/Chapter 1/submissions/new submission/v3_draft_TAFS_Meyer/v3_submission_format/kenai_juv_salmon_growth_analyses/other/FB4_1.1.3_2015_2016.1,FB4_2015_2016_models.csv,22,Coho salmon (adult),design_2015_2016_final.csv,2015_Mid-Summer_Middle Russian River_Coho_Age_0,1.4390184,Weight,1.950375,1,28,1,13560,0.367188,4.506,1.950,1.000,1.950,4.506,0.373,0.000,coho/2015_Mid-Summer_Middle Russian River_Coho_Age_0/Temperature.csv,coho/2015_Mid-Summer_Middle Russian River_Coho_Age_0/Diet_prop.csv,coho/2015_Mid-Summer_Middle Russian River_Coho_Age_0/Prey_E.csv,3,coho/2015_Mid-Summer_Middle Russian River_Coho_Age_0/Indigestible_Prey.csv,2,ED = a+b*W,FALSE,NA,FALSE,NA,FALSE,NA,NA,NA,NA,NA,FALSE
Sun Jun 19 14:44:08 2022,v1.1.3,/Volumes/GoogleDrive/My Drive/UAF Semesters/Thesis/Current Draft/Chapter 1/submissions/new submission/v3_draft_TAFS_Meyer/v3_submission_format/kenai_juv_salmon_growth_analyses/other/FB4_1.1.3_2015_2016.1,FB4_2015_2016_models.csv,22,Coho salmon (adult),design_2015_2016_final.csv,2015_Mid-Summer_Middle Russian River_Coho_Age_1,8.455798,Weight,10.459693,1,28,1,13560,0.481636,20.571,10.460,1.000,10.460,20.571,0.402,0.000,coho/2015_Mid-Summer_Middle Russian River_Coho_Age_1/Temperature.csv,coho/2015_Mid-Summer_Middle Russian River_Coho_Age_1/Diet_prop.csv,coho/2015_Mid-Summer_Middle Russian River_Coho_Age_1/Prey_E.csv,3,coho/2015_Mid-Summer_Middle Russian River_Coho_Age_1/Indigestible_Prey.csv,2,ED = a+b*W,FALSE,NA,FALSE,NA,FALSE,NA,NA,NA,NA,NA,FALSE
Sun Jun 19 14:44:08 2022,v1.1.3,/Volumes/GoogleDrive/My Drive/UAF Semesters/Thesis/Current Draft/Chapter 1/submissions/new submission/v3_draft_TAFS_Meyer/v3_submission_format/kenai_juv_salmon_growth_analyses/other/FB4_1.1.3_2015_2016.1,FB4_2015_2016_models.csv,22,Coho salmon (adult),design_2015_2016_final.csv,2015_Mid-Summer_Upper Russian River_Coho_Age_0,1.611731,Weight,1.891717,1,30,1,13560,0.320221,4.315,1.892,1.000,1.892,4.315,0.314,0.000,coho/2015_Mid-Summer_Upper Russian River_Coho_Age_0/Temperature.csv,coho/2015_Mid-Summer_Upper Russian River_Coho_Age_0/Diet_prop.csv,coho/2015_Mid-Summer_Upper Russian River_Coho_Age_0/Prey_E.csv,3,coho/2015_Mid-Summer_Upper Russian River_Coho_Age_0/Indigestible_Prey.csv,2,ED = a+b*W,FALSE,NA,FALSE,NA,FALSE,NA,NA,NA,NA,NA,FALSE
Sun Jun 19 14:44:09 2022,v1.1.3,/Volumes/GoogleDrive/My Drive/UAF Semesters/Thesis/Current Draft/Chapter 1/submissions/new submission/v3_draft_TAFS_Meyer/v3_submission_format/kenai_juv_salmon_growth_analyses/other/FB4_1.1.3_2015_2016.1,FB4_2015_2016_models.csv,22,Coho salmon (adult),design_2015_2016_final.csv,2015_Mid-Summer_Lower Ptarmigan Creek_Coho_Age_1,5.0419971,Weight,6.192925,1,26,1,13560,0.349335,9.112,6.193,1.000,6.193,9.112,0.352,0.000,coho/2015_Mid-Summer_Lower Ptarmigan Creek_Coho_Age_1/Temperature.csv,coho/2015_Mid-Summer_Lower Ptarmigan Creek_Coho_Age_1/Diet_prop.csv,coho/2015_Mid-Summer_Lower Ptarmigan Creek_Coho_Age_1/Prey_E.csv,3,coho/2015_Mid-Summer_Lower Ptarmigan Creek_Coho_Age_1/Indigestible_Prey.csv,2,ED = a+b*W,FALSE,NA,FALSE,NA,FALSE,NA,NA,NA,NA,NA,FALSE
Sun Jun 19 14:44:09 2022,v1.1.3,/Volumes/GoogleDrive/My Drive/UAF Semesters/Thesis/Current Draft/Chapter 1/submissions/new submission/v3_draft_TAFS_Meyer/v3_submission_format/kenai_juv_salmon_growth_analyses/other/FB4_1.1.3_2015_2016.1,FB4_2015_2016_models.csv,22,Coho salmon (adult),design_2015_2016_final.csv,2015_Mid-Summer_Middle Ptarmigan Creek_Coho_Age_1,5.5635839,Weight,7.415637,1,26,1,13560,0.399918,11.552,7.416,1.000,7.416,11.552,0.446,0.000,coho/2015_Mid-Summer_Middle Ptarmigan Creek_Coho_Age_1/Temperature.csv,coho/2015_Mid-Summer_Middle Ptarmigan Creek_Coho_Age_1/Diet_prop.csv,coho/2015_Mid-Summer_Middle Ptarmigan Creek_Coho_Age_1/Prey_E.csv,3,coho/2015_Mid-Summer_Middle Ptarmigan Creek_Coho_Age_1/Indigestible_Prey.csv,2,ED = a+b*W,FALSE,NA,FALSE,NA,FALSE,NA,NA,NA,NA,NA,FALSE
Sun Jun 19 14:44:10 2022,v1.1.3,/Volumes/GoogleDrive/My Drive/UAF Semesters/Thesis/Current Draft/Chapter 1/submissions/new submission/v3_draft_TAFS_Meyer/v3_submission_format/kenai_juv_salmon_growth_analyses/other/FB4_1.1.3_2015_2016.1,FB4_2015_2016_models.csv,22,Coho salmon (adult),design_2015_2016_final.csv,2015_Mid-Summer_Lower Kenai River_Coho_Age_0,1.1686376,Weight,1.349655,1,21,1,13560,0.181244,1.318,1.350,1.000,1.350,1.318,0.385,0.000,coho/2015_Mid-Summer_Lower Kenai River_Coho_Age_0/Temperature.csv,coho/2015_Mid-Summer_Lower Kenai River_Coho_Age_0/Diet_prop.csv,coho/2015_Mid-Summer_Lower Kenai River_Coho_Age_0/Prey_E.csv,3,coho/2015_Mid-Summer_Lower Kenai River_Coho_Age_0/Indigestible_Prey.csv,2,ED = a+b*W,FALSE,NA,FALSE,NA,FALSE,NA,NA,NA,NA,NA,FALSE
Sun Jun 19 14:44:10 2022,v1.1.3,/Volumes/GoogleDrive/My Drive/UAF Semesters/Thesis/Current Draft/Chapter 1/submissions/new submission/v3_draft_TAFS_Meyer/v3_submission_format/kenai_juv_salmon_growth_analyses/other/FB4_1.1.3_2015_2016.1,FB4_2015_2016_models.csv,22,Coho salmon (adult),design_2015_2016_final.csv,2015_Mid-Summer_Middle Kenai River_Coho_Age_0,1.0364518,Weight,1.258437,1,24,1,13560,0.171875,1.235,1.258,1.000,1.258,1.235,0.221,0.000,coho/2015_Mid-Summer_Middle Kenai River_Coho_Age_0/Temperature.csv,coho/2015_Mid-Summer_Middle Kenai River_Coho_Age_0/Diet_prop.csv,coho/2015_Mid-Summer_Middle Kenai River_Coho_Age_0/Prey_E.csv,3,coho/2015_Mid-Summer_Middle Kenai River_Coho_Age_0/Indigestible_Prey.csv,2,ED = a+b*W,FALSE,NA,FALSE,NA,FALSE,NA,NA,NA,NA,NA,FALSE
Sun Jun 19 14:44:11 2022,v1.1.3,/Volumes/GoogleDrive/My Drive/UAF Semesters/Thesis/Current Draft/Chapter 1/submissions/new submission/v3_draft_TAFS_Meyer/v3_submission_format/kenai_juv_salmon_growth_analyses/other/FB4_1.1.3_2015_2016.1,FB4_2015_2016_models.csv,21,Chinook salmon (adult),design_2015_2016_final.csv,2016_Mid-Summer_Lower Beaver Creek_Chinook_Age_0,1.4516947,Weight,1.941241,1,28,1,13560,0.351685,4.213,1.941,1.000,1.941,4.213,0.377,0.000,chnk/2016_Mid-Summer_Lower Beaver Creek_Chinook_Age_0/Temperature.csv,chnk/2016_Mid-Summer_Lower Beaver Creek_Chinook_Age_0/Diet_prop.csv,chnk/2016_Mid-Summer_Lower Beaver Creek_Chinook_Age_0/Prey_E.csv,3,chnk/2016_Mid-Summer_Lower Beaver Creek_Chinook_Age_0/Indigestible_Prey.csv,2,ED = a+b*W,FALSE,NA,FALSE,NA,FALSE,NA,NA,NA,NA,NA,FALSE
Sun Jun 19 14:44:11 2022,v1.1.3,/Volumes/GoogleDrive/My Drive/UAF Semesters/Thesis/Current Draft/Chapter 1/submissions/new submission/v3_draft_TAFS_Meyer/v3_submission_format/kenai_juv_salmon_growth_analyses/other/FB4_1.1.3_2015_2016.1,FB4_2015_2016_models.csv,21,Chinook salmon (adult),design_2015_2016_final.csv,2016_Mid-Summer_Middle Beaver Creek_Chinook_Age_0,1.649657,Weight,2.411822,1,30,1,13560,0.378296,5.433,2.412,1.000,2.412,5.433,0.343,0.000,chnk/2016_Mid-Summer_Middle Beaver Creek_Chinook_Age_0/Temperature.csv,chnk/2016_Mid-Summer_Middle Beaver Creek_Chinook_Age_0/Diet_prop.csv,chnk/2016_Mid-Summer_Middle Beaver Creek_Chinook_Age_0/Prey_E.csv,3,chnk/2016_Mid-Summer_Middle Beaver Creek_Chinook_Age_0/Indigestible_Prey.csv,2,ED = a+b*W,FALSE,NA,FALSE,NA,FALSE,NA,NA,NA,NA,NA,FALSE
Sun Jun 19 14:44:12 2022,v1.1.3,/Volumes/GoogleDrive/My Drive/UAF Semesters/Thesis/Current Draft/Chapter 1/submissions/new submission/v3_draft_TAFS_Meyer/v3_submission_format/kenai_juv_salmon_growth_analyses/other/FB4_1.1.3_2015_2016.1,FB4_2015_2016_models.csv,21,Chinook salmon (adult),design_2015_2016_final.csv,2016_Mid-Summer_Lower Ptarmigan Creek_Chinook_Age_0,3.1991386,Weight,4.534506,1,40,1,13560,0.368164,10.975,4.535,1.000,4.535,10.975,0.526,0.000,chnk/2016_Mid-Summer_Lower Ptarmigan Creek_Chinook_Age_0/Temperature.csv,chnk/2016_Mid-Summer_Lower Ptarmigan Creek_Chinook_Age_0/Diet_prop.csv,chnk/2016_Mid-Summer_Lower Ptarmigan Creek_Chinook_Age_0/Prey_E.csv,3,chnk/2016_Mid-Summer_Lower Ptarmigan Creek_Chinook_Age_0/Indigestible_Prey.csv,2,ED = a+b*W,FALSE,NA,FALSE,NA,FALSE,NA,NA,NA,NA,NA,FALSE
Sun Jun 19 14:44:12 2022,v1.1.3,/Volumes/GoogleDrive/My Drive/UAF Semesters/Thesis/Current Draft/Chapter 1/submissions/new submission/v3_draft_TAFS_Meyer/v3_submission_format/kenai_juv_salmon_growth_analyses/other/FB4_1.1.3_2015_2016.1,FB4_2015_2016_models.csv,21,Chinook salmon (adult),design_2015_2016_final.csv,2016_Mid-Summer_Lower Kenai River_Chinook_Age_0,2.1517724,Weight,2.181339,1,34,1,13560,0.253998,4.409,2.181,1.000,2.181,4.409,0.485,0.000,chnk/2016_Mid-Summer_Lower Kenai River_Chinook_Age_0/Temperature.csv,chnk/2016_Mid-Summer_Lower Kenai River_Chinook_Age_0/Diet_prop.csv,chnk/2016_Mid-Summer_Lower Kenai River_Chinook_Age_0/Prey_E.csv,3,chnk/2016_Mid-Summer_Lower Kenai River_Chinook_Age_0/Indigestible_Prey.csv,2,ED = a+b*W,FALSE,NA,FALSE,NA,FALSE,NA,NA,NA,NA,NA,FALSE
Sun Jun 19 14:44:13 2022,v1.1.3,/Volumes/GoogleDrive/My Drive/UAF Semesters/Thesis/Current Draft/Chapter 1/submissions/new submission/v3_draft_TAFS_Meyer/v3_submission_format/kenai_juv_salmon_growth_analyses/other/FB4_1.1.3_2015_2016.1,FB4_2015_2016_models.csv,22,Coho salmon (adult),design_2015_2016_final.csv,2016_Mid-Summer_Lower Beaver Creek_Coho_Age_0,1.850646,Weight,1.681887,1,28,1,13560,0.220337,2.736,1.682,1.000,1.682,2.736,0.347,0.000,coho/2016_Mid-Summer_Lower Beaver Creek_Coho_Age_0/Temperature.csv,coho/2016_Mid-Summer_Lower Beaver Creek_Coho_Age_0/Diet_prop.csv,coho/2016_Mid-Summer_Lower Beaver Creek_Coho_Age_0/Prey_E.csv,3,coho/2016_Mid-Summer_Lower Beaver Creek_Coho_Age_0/Indigestible_Prey.csv,2,ED = a+b*W,FALSE,NA,FALSE,NA,FALSE,NA,NA,NA,NA,NA,FALSE
Sun Jun 19 14:44:14 2022,v1.1.3,/Volumes/GoogleDrive/My Drive/UAF Semesters/Thesis/Current Draft/Chapter 1/submissions/new submission/v3_draft_TAFS_Meyer/v3_submission_format/kenai_juv_salmon_growth_analyses/other/FB4_1.1.3_2015_2016.1,FB4_2015_2016_models.csv,22,Coho salmon (adult),design_2015_2016_final.csv,2016_Mid-Summer_Lower Beaver Creek_Coho_Age_1,5.7968356,Weight,8.420242,1,28,1,13560,0.490097,16.507,8.420,1.000,8.420,16.507,0.286,0.000,coho/2016_Mid-Summer_Lower Beaver Creek_Coho_Age_1/Temperature.csv,coho/2016_Mid-Summer_Lower Beaver Creek_Coho_Age_1/Diet_prop.csv,coho/2016_Mid-Summer_Lower Beaver Creek_Coho_Age_1/Prey_E.csv,3,coho/2016_Mid-Summer_Lower Beaver Creek_Coho_Age_1/Indigestible_Prey.csv,2,ED = a+b*W,FALSE,NA,FALSE,NA,FALSE,NA,NA,NA,NA,NA,FALSE
Sun Jun 19 14:44:14 2022,v1.1.3,/Volumes/GoogleDrive/My Drive/UAF Semesters/Thesis/Current Draft/Chapter 1/submissions/new submission/v3_draft_TAFS_Meyer/v3_submission_format/kenai_juv_salmon_growth_analyses/other/FB4_1.1.3_2015_2016.1,FB4_2015_2016_models.csv,22,Coho salmon (adult),design_2015_2016_final.csv,2016_Mid-Summer_Middle Beaver Creek_Coho_Age_1,5.9638912,Weight,7.107329,1,30,1,13560,0.34903,11.773,7.107,1.000,7.107,11.773,0.443,0.000,coho/2016_Mid-Summer_Middle Beaver Creek_Coho_Age_1/Temperature.csv,coho/2016_Mid-Summer_Middle Beaver Creek_Coho_Age_1/Diet_prop.csv,coho/2016_Mid-Summer_Middle Beaver Creek_Coho_Age_1/Prey_E.csv,3,coho/2016_Mid-Summer_Middle Beaver Creek_Coho_Age_1/Indigestible_Prey.csv,2,ED = a+b*W,FALSE,NA,FALSE,NA,FALSE,NA,NA,NA,NA,NA,FALSE
Sun Jun 19 14:44:15 2022,v1.1.3,/Volumes/GoogleDrive/My Drive/UAF Semesters/Thesis/Current Draft/Chapter 1/submissions/new submission/v3_draft_TAFS_Meyer/v3_submission_format/kenai_juv_salmon_growth_analyses/other/FB4_1.1.3_2015_2016.1,FB4_2015_2016_models.csv,22,Coho salmon (adult),design_2015_2016_final.csv,2016_Mid-Summer_Upper Beaver Creek_Coho_Age_1,7.8706978,Weight,8.669878,1,30,1,13560,0.322144,12.961,8.670,1.000,8.670,12.961,0.445,0.000,coho/2016_Mid-Summer_Upper Beaver Creek_Coho_Age_1/Temperature.csv,coho/2016_Mid-Summer_Upper Beaver Creek_Coho_Age_1/Diet_prop.csv,coho/2016_Mid-Summer_Upper Beaver Creek_Coho_Age_1/Prey_E.csv,3,coho/2016_Mid-Summer_Upper Beaver Creek_Coho_Age_1/Indigestible_Prey.csv,2,ED = a+b*W,FALSE,NA,FALSE,NA,FALSE,NA,NA,NA,NA,NA,FALSE
Sun Jun 19 14:44:15 2022,v1.1.3,/Volumes/GoogleDrive/My Drive/UAF Semesters/Thesis/Current Draft/Chapter 1/submissions/new submission/v3_draft_TAFS_Meyer/v3_submission_format/kenai_juv_salmon_growth_analyses/other/FB4_1.1.3_2015_2016.1,FB4_2015_2016_models.csv,22,Coho salmon (adult),design_2015_2016_final.csv,2016_Mid-Summer_Lower Russian River_Coho_Age_0,1.7677993,Weight,2.071702,1,22,1,13560,0.267883,2.642,2.072,1.000,2.072,2.642,0.305,0.000,coho/2016_Mid-Summer_Lower Russian River_Coho_Age_0/Temperature.csv,coho/2016_Mid-Summer_Lower Russian River_Coho_Age_0/Diet_prop.csv,coho/2016_Mid-Summer_Lower Russian River_Coho_Age_0/Prey_E.csv,3,coho/2016_Mid-Summer_Lower Russian River_Coho_Age_0/Indigestible_Prey.csv,2,ED = a+b*W,FALSE,NA,FALSE,NA,FALSE,NA,NA,NA,NA,NA,FALSE
Sun Jun 19 14:44:16 2022,v1.1.3,/Volumes/GoogleDrive/My Drive/UAF Semesters/Thesis/Current Draft/Chapter 1/submissions/new submission/v3_draft_TAFS_Meyer/v3_submission_format/kenai_juv_salmon_growth_analyses/other/FB4_1.1.3_2015_2016.1,FB4_2015_2016_models.csv,22,Coho salmon (adult),design_2015_2016_final.csv,2016_Mid-Summer_Middle Russian River_Coho_Age_0,1.3751969,Weight,2.855019,1,37,1,13560,0.460632,8.490,2.855,1.000,2.855,8.490,0.424,0.000,coho/2016_Mid-Summer_Middle Russian River_Coho_Age_0/Temperature.csv,coho/2016_Mid-Summer_Middle Russian River_Coho_Age_0/Diet_prop.csv,coho/2016_Mid-Summer_Middle Russian River_Coho_Age_0/Prey_E.csv,3,coho/2016_Mid-Summer_Middle Russian River_Coho_Age_0/Indigestible_Prey.csv,2,ED = a+b*W,FALSE,NA,FALSE,NA,FALSE,NA,NA,NA,NA,NA,FALSE
Sun Jun 19 14:44:16 2022,v1.1.3,/Volumes/GoogleDrive/My Drive/UAF Semesters/Thesis/Current Draft/Chapter 1/submissions/new submission/v3_draft_TAFS_Meyer/v3_submission_format/kenai_juv_salmon_growth_analyses/other/FB4_1.1.3_2015_2016.1,FB4_2015_2016_models.csv,22,Coho salmon (adult),design_2015_2016_final.csv,2016_Mid-Summer_Middle Russian River_Coho_Age_1,6.8129218,Weight,9.381025,1,37,1,13560,0.469536,23.427,9.381,1.000,9.381,23.427,0.559,0.000,coho/2016_Mid-Summer_Middle Russian River_Coho_Age_1/Temperature.csv,coho/2016_Mid-Summer_Middle Russian River_Coho_Age_1/Diet_prop.csv,coho/2016_Mid-Summer_Middle Russian River_Coho_Age_1/Prey_E.csv,3,coho/2016_Mid-Summer_Middle Russian River_Coho_Age_1/Indigestible_Prey.csv,2,ED = a+b*W,FALSE,NA,FALSE,NA,FALSE,NA,NA,NA,NA,NA,FALSE
Sun Jun 19 14:44:17 2022,v1.1.3,/Volumes/GoogleDrive/My Drive/UAF Semesters/Thesis/Current Draft/Chapter 1/submissions/new submission/v3_draft_TAFS_Meyer/v3_submission_format/kenai_juv_salmon_growth_analyses/other/FB4_1.1.3_2015_2016.1,FB4_2015_2016_models.csv,22,Coho salmon (adult),design_2015_2016_final.csv,2016_Mid-Summer_Upper Russian River_Coho_Age_0,1.5774301,Weight,2.152696,1,27,1,13560,0.353607,4.402,2.153,1.000,2.153,4.402,0.383,0.000,coho/2016_Mid-Summer_Upper Russian River_Coho_Age_0/Temperature.csv,coho/2016_Mid-Summer_Upper Russian River_Coho_Age_0/Diet_prop.csv,coho/2016_Mid-Summer_Upper Russian River_Coho_Age_0/Prey_E.csv,3,coho/2016_Mid-Summer_Upper Russian River_Coho_Age_0/Indigestible_Prey.csv,2,ED = a+b*W,FALSE,NA,FALSE,NA,FALSE,NA,NA,NA,NA,NA,FALSE
Sun Jun 19 14:44:17 2022,v1.1.3,/Volumes/GoogleDrive/My Drive/UAF Semesters/Thesis/Current Draft/Chapter 1/submissions/new submission/v3_draft_TAFS_Meyer/v3_submission_format/kenai_juv_salmon_growth_analyses/other/FB4_1.1.3_2015_2016.1,FB4_2015_2016_models.csv,22,Coho salmon (adult),design_2015_2016_final.csv,2016_Mid-Summer_Upper Russian River_Coho_Age_1,9.7194748,Weight,8.287634,1,27,1,13560,0.211792,8.327,8.288,1.000,8.288,8.327,0.301,0.000,coho/2016_Mid-Summer_Upper Russian River_Coho_Age_1/Temperature.csv,coho/2016_Mid-Summer_Upper Russian River_Coho_Age_1/Diet_prop.csv,coho/2016_Mid-Summer_Upper Russian River_Coho_Age_1/Prey_E.csv,3,coho/2016_Mid-Summer_Upper Russian River_Coho_Age_1/Indigestible_Prey.csv,2,ED = a+b*W,FALSE,NA,FALSE,NA,FALSE,NA,NA,NA,NA,NA,FALSE
Sun Jun 19 14:44:18 2022,v1.1.3,/Volumes/GoogleDrive/My Drive/UAF Semesters/Thesis/Current Draft/Chapter 1/submissions/new submission/v3_draft_TAFS_Meyer/v3_submission_format/kenai_juv_salmon_growth_analyses/other/FB4_1.1.3_2015_2016.1,FB4_2015_2016_models.csv,22,Coho salmon (adult),design_2015_2016_final.csv,2016_Mid-Summer_Lower Ptarmigan Creek_Coho_Age_1,5.5323586,Weight,7.74907,1,40,1,13560,0.352226,15.543,7.749,1.000,7.749,15.543,0.591,0.000,coho/2016_Mid-Summer_Lower Ptarmigan Creek_Coho_Age_1/Temperature.csv,coho/2016_Mid-Summer_Lower Ptarmigan Creek_Coho_Age_1/Diet_prop.csv,coho/2016_Mid-Summer_Lower Ptarmigan Creek_Coho_Age_1/Prey_E.csv,3,coho/2016_Mid-Summer_Lower Ptarmigan Creek_Coho_Age_1/Indigestible_Prey.csv,2,ED = a+b*W,FALSE,NA,FALSE,NA,FALSE,NA,NA,NA,NA,NA,FALSE
Sun Jun 19 14:44:19 2022,v1.1.3,/Volumes/GoogleDrive/My Drive/UAF Semesters/Thesis/Current Draft/Chapter 1/submissions/new submission/v3_draft_TAFS_Meyer/v3_submission_format/kenai_juv_salmon_growth_analyses/other/FB4_1.1.3_2015_2016.1,FB4_2015_2016_models.csv,22,Coho salmon (adult),design_2015_2016_final.csv,2016_Mid-Summer_Middle Ptarmigan Creek_Coho_Age_1,8.0080209,Weight,9.355039,1,40,1,13560,0.296356,15.978,9.355,1.000,9.355,15.978,0.591,0.000,coho/2016_Mid-Summer_Middle Ptarmigan Creek_Coho_Age_1/Temperature.csv,coho/2016_Mid-Summer_Middle Ptarmigan Creek_Coho_Age_1/Diet_prop.csv,coho/2016_Mid-Summer_Middle Ptarmigan Creek_Coho_Age_1/Prey_E.csv,3,coho/2016_Mid-Summer_Middle Ptarmigan Creek_Coho_Age_1/Indigestible_Prey.csv,2,ED = a+b*W,FALSE,NA,FALSE,NA,FALSE,NA,NA,NA,NA,NA,FALSE
Sun Jun 19 14:44:19 2022,v1.1.3,/Volumes/GoogleDrive/My Drive/UAF Semesters/Thesis/Current Draft/Chapter 1/submissions/new submission/v3_draft_TAFS_Meyer/v3_submission_format/kenai_juv_salmon_growth_analyses/other/FB4_1.1.3_2015_2016.1,FB4_2015_2016_models.csv,21,Chinook salmon (adult),design_2015_2016_final.csv,2016_Late Summer_Lower Beaver Creek_Chinook_Age_0,1.9412411,Weight,1.893367,1,27,1,13560,0.224457,2.804,1.893,1.000,1.893,2.804,0.374,0.000,chnk/2016_Late Summer_Lower Beaver Creek_Chinook_Age_0/Temperature.csv,chnk/2016_Late Summer_Lower Beaver Creek_Chinook_Age_0/Diet_prop.csv,chnk/2016_Late Summer_Lower Beaver Creek_Chinook_Age_0/Prey_E.csv,3,chnk/2016_Late Summer_Lower Beaver Creek_Chinook_Age_0/Indigestible_Prey.csv,2,ED = a+b*W,FALSE,NA,FALSE,NA,FALSE,NA,NA,NA,NA,NA,FALSE
Sun Jun 19 14:44:20 2022,v1.1.3,/Volumes/GoogleDrive/My Drive/UAF Semesters/Thesis/Current Draft/Chapter 1/submissions/new submission/v3_draft_TAFS_Meyer/v3_submission_format/kenai_juv_salmon_growth_analyses/other/FB4_1.1.3_2015_2016.1,FB4_2015_2016_models.csv,21,Chinook salmon (adult),design_2015_2016_final.csv,2016_Late Summer_Middle Beaver Creek_Chinook_Age_0,2.4118221,Weight,2.683782,1,27,1,13560,0.281006,4.261,2.684,1.000,2.684,4.261,0.380,0.000,chnk/2016_Late Summer_Middle Beaver Creek_Chinook_Age_0/Temperature.csv,chnk/2016_Late Summer_Middle Beaver Creek_Chinook_Age_0/Diet_prop.csv,chnk/2016_Late Summer_Middle Beaver Creek_Chinook_Age_0/Prey_E.csv,3,chnk/2016_Late Summer_Middle Beaver Creek_Chinook_Age_0/Indigestible_Prey.csv,2,ED = a+b*W,FALSE,NA,FALSE,NA,FALSE,NA,NA,NA,NA,NA,FALSE
Sun Jun 19 14:44:20 2022,v1.1.3,/Volumes/GoogleDrive/My Drive/UAF Semesters/Thesis/Current Draft/Chapter 1/submissions/new submission/v3_draft_TAFS_Meyer/v3_submission_format/kenai_juv_salmon_growth_analyses/other/FB4_1.1.3_2015_2016.1,FB4_2015_2016_models.csv,21,Chinook salmon (adult),design_2015_2016_final.csv,2016_Late Summer_Upper Beaver Creek_Chinook_Age_0,3.0134187,Weight,3.414496,1,26,1,13560,0.306641,5.369,3.415,1.000,3.415,5.369,0.272,0.000,chnk/2016_Late Summer_Upper Beaver Creek_Chinook_Age_0/Temperature.csv,chnk/2016_Late Summer_Upper Beaver Creek_Chinook_Age_0/Diet_prop.csv,chnk/2016_Late Summer_Upper Beaver Creek_Chinook_Age_0/Prey_E.csv,3,chnk/2016_Late Summer_Upper Beaver Creek_Chinook_Age_0/Indigestible_Prey.csv,2,ED = a+b*W,FALSE,NA,FALSE,NA,FALSE,NA,NA,NA,NA,NA,FALSE
Sun Jun 19 14:44:21 2022,v1.1.3,/Volumes/GoogleDrive/My Drive/UAF Semesters/Thesis/Current Draft/Chapter 1/submissions/new submission/v3_draft_TAFS_Meyer/v3_submission_format/kenai_juv_salmon_growth_analyses/other/FB4_1.1.3_2015_2016.1,FB4_2015_2016_models.csv,21,Chinook salmon (adult),design_2015_2016_final.csv,2016_Late Summer_Lower Kenai River_Chinook_Age_0,2.181339,Weight,3.311285,1,30,1,13560,0.424072,7.357,3.311,1.000,3.311,7.357,0.325,0.000,chnk/2016_Late Summer_Lower Kenai River_Chinook_Age_0/Temperature.csv,chnk/2016_Late Summer_Lower Kenai River_Chinook_Age_0/Diet_prop.csv,chnk/2016_Late Summer_Lower Kenai River_Chinook_Age_0/Prey_E.csv,3,chnk/2016_Late Summer_Lower Kenai River_Chinook_Age_0/Indigestible_Prey.csv,2,ED = a+b*W,FALSE,NA,FALSE,NA,FALSE,NA,NA,NA,NA,NA,FALSE
Sun Jun 19 14:44:21 2022,v1.1.3,/Volumes/GoogleDrive/My Drive/UAF Semesters/Thesis/Current Draft/Chapter 1/submissions/new submission/v3_draft_TAFS_Meyer/v3_submission_format/kenai_juv_salmon_growth_analyses/other/FB4_1.1.3_2015_2016.1,FB4_2015_2016_models.csv,21,Chinook salmon (adult),design_2015_2016_final.csv,2016_Late Summer_Middle Kenai River_Chinook_Age_0,2.4218063,Weight,2.436202,1,33,1,13560,0.23941,4.173,2.436,1.000,2.436,4.173,0.501,0.000,chnk/2016_Late Summer_Middle Kenai River_Chinook_Age_0/Temperature.csv,chnk/2016_Late Summer_Middle Kenai River_Chinook_Age_0/Diet_prop.csv,chnk/2016_Late Summer_Middle Kenai River_Chinook_Age_0/Prey_E.csv,3,chnk/2016_Late Summer_Middle Kenai River_Chinook_Age_0/Indigestible_Prey.csv,2,ED = a+b*W,FALSE,NA,FALSE,NA,FALSE,NA,NA,NA,NA,NA,FALSE
Sun Jun 19 14:44:22 2022,v1.1.3,/Volumes/GoogleDrive/My Drive/UAF Semesters/Thesis/Current Draft/Chapter 1/submissions/new submission/v3_draft_TAFS_Meyer/v3_submission_format/kenai_juv_salmon_growth_analyses/other/FB4_1.1.3_2015_2016.1,FB4_2015_2016_models.csv,22,Coho salmon (adult),design_2015_2016_final.csv,2016_Late Summer_Lower Beaver Creek_Coho_Age_0,1.6818867,Weight,2.109341,1,27,1,13560,0.365417,4.505,2.109,1.000,2.109,4.505,0.404,0.000,coho/2016_Late Summer_Lower Beaver Creek_Coho_Age_0/Temperature.csv,coho/2016_Late Summer_Lower Beaver Creek_Coho_Age_0/Diet_prop.csv,coho/2016_Late Summer_Lower Beaver Creek_Coho_Age_0/Prey_E.csv,3,coho/2016_Late Summer_Lower Beaver Creek_Coho_Age_0/Indigestible_Prey.csv,2,ED = a+b*W,FALSE,NA,FALSE,NA,FALSE,NA,NA,NA,NA,NA,FALSE
Sun Jun 19 14:44:23 2022,v1.1.3,/Volumes/GoogleDrive/My Drive/UAF Semesters/Thesis/Current Draft/Chapter 1/submissions/new submission/v3_draft_TAFS_Meyer/v3_submission_format/kenai_juv_salmon_growth_analyses/other/FB4_1.1.3_2015_2016.1,FB4_2015_2016_models.csv,22,Coho salmon (adult),design_2015_2016_final.csv,2016_Late Summer_Lower Beaver Creek_Coho_Age_1,8.4202421,Weight,9.035871,1,27,1,13560,0.319382,11.970,9.036,1.000,9.036,11.970,0.485,0.000,coho/2016_Late Summer_Lower Beaver Creek_Coho_Age_1/Temperature.csv,coho/2016_Late Summer_Lower Beaver Creek_Coho_Age_1/Diet_prop.csv,coho/2016_Late Summer_Lower Beaver Creek_Coho_Age_1/Prey_E.csv,3,coho/2016_Late Summer_Lower Beaver Creek_Coho_Age_1/Indigestible_Prey.csv,2,ED = a+b*W,FALSE,NA,FALSE,NA,FALSE,NA,NA,NA,NA,NA,FALSE
Sun Jun 19 14:44:23 2022,v1.1.3,/Volumes/GoogleDrive/My Drive/UAF Semesters/Thesis/Current Draft/Chapter 1/submissions/new submission/v3_draft_TAFS_Meyer/v3_submission_format/kenai_juv_salmon_growth_analyses/other/FB4_1.1.3_2015_2016.1,FB4_2015_2016_models.csv,22,Coho salmon (adult),design_2015_2016_final.csv,2016_Late Summer_Middle Beaver Creek_Coho_Age_1,7.1073291,Weight,9.465504,1,27,1,13560,0.441162,15.653,9.465,1.000,9.465,15.653,0.399,0.000,coho/2016_Late Summer_Middle Beaver Creek_Coho_Age_1/Temperature.csv,coho/2016_Late Summer_Middle Beaver Creek_Coho_Age_1/Diet_prop.csv,coho/2016_Late Summer_Middle Beaver Creek_Coho_Age_1/Prey_E.csv,3,coho/2016_Late Summer_Middle Beaver Creek_Coho_Age_1/Indigestible_Prey.csv,2,ED = a+b*W,FALSE,NA,FALSE,NA,FALSE,NA,NA,NA,NA,NA,FALSE
Sun Jun 19 14:44:24 2022,v1.1.3,/Volumes/GoogleDrive/My Drive/UAF Semesters/Thesis/Current Draft/Chapter 1/submissions/new submission/v3_draft_TAFS_Meyer/v3_submission_format/kenai_juv_salmon_growth_analyses/other/FB4_1.1.3_2015_2016.1,FB4_2015_2016_models.csv,22,Coho salmon (adult),design_2015_2016_final.csv,2016_Late Summer_Upper Beaver Creek_Coho_Age_1,8.6698776,Weight,9.905455,1,26,1,13560,0.35849,13.544,9.905,1.000,9.905,13.544,0.347,0.000,coho/2016_Late Summer_Upper Beaver Creek_Coho_Age_1/Temperature.csv,coho/2016_Late Summer_Upper Beaver Creek_Coho_Age_1/Diet_prop.csv,coho/2016_Late Summer_Upper Beaver Creek_Coho_Age_1/Prey_E.csv,3,coho/2016_Late Summer_Upper Beaver Creek_Coho_Age_1/Indigestible_Prey.csv,2,ED = a+b*W,FALSE,NA,FALSE,NA,FALSE,NA,NA,NA,NA,NA,FALSE
Sun Jun 19 14:44:24 2022,v1.1.3,/Volumes/GoogleDrive/My Drive/UAF Semesters/Thesis/Current Draft/Chapter 1/submissions/new submission/v3_draft_TAFS_Meyer/v3_submission_format/kenai_juv_salmon_growth_analyses/other/FB4_1.1.3_2015_2016.1,FB4_2015_2016_models.csv,22,Coho salmon (adult),design_2015_2016_final.csv,2016_Late Summer_Lower Russian River_Coho_Age_0,2.0717025,Weight,1.797239,1,24,1,13560,0.12262,1.309,1.797,1.000,1.797,1.309,0.363,0.000,coho/2016_Late Summer_Lower Russian River_Coho_Age_0/Temperature.csv,coho/2016_Late Summer_Lower Russian River_Coho_Age_0/Diet_prop.csv,coho/2016_Late Summer_Lower Russian River_Coho_Age_0/Prey_E.csv,3,coho/2016_Late Summer_Lower Russian River_Coho_Age_0/Indigestible_Prey.csv,2,ED = a+b*W,FALSE,NA,FALSE,NA,FALSE,NA,NA,NA,NA,NA,FALSE
Sun Jun 19 14:44:25 2022,v1.1.3,/Volumes/GoogleDrive/My Drive/UAF Semesters/Thesis/Current Draft/Chapter 1/submissions/new submission/v3_draft_TAFS_Meyer/v3_submission_format/kenai_juv_salmon_growth_analyses/other/FB4_1.1.3_2015_2016.1,FB4_2015_2016_models.csv,22,Coho salmon (adult),design_2015_2016_final.csv,2016_Late Summer_Middle Russian River_Coho_Age_0,2.8550191,Weight,2.628101,1,28,1,13560,0.201965,3.459,2.628,1.000,2.628,3.459,0.369,0.000,coho/2016_Late Summer_Middle Russian River_Coho_Age_0/Temperature.csv,coho/2016_Late Summer_Middle Russian River_Coho_Age_0/Diet_prop.csv,coho/2016_Late Summer_Middle Russian River_Coho_Age_0/Prey_E.csv,3,coho/2016_Late Summer_Middle Russian River_Coho_Age_0/Indigestible_Prey.csv,2,ED = a+b*W,FALSE,NA,FALSE,NA,FALSE,NA,NA,NA,NA,NA,FALSE
Sun Jun 19 14:44:25 2022,v1.1.3,/Volumes/GoogleDrive/My Drive/UAF Semesters/Thesis/Current Draft/Chapter 1/submissions/new submission/v3_draft_TAFS_Meyer/v3_submission_format/kenai_juv_salmon_growth_analyses/other/FB4_1.1.3_2015_2016.1,FB4_2015_2016_models.csv,22,Coho salmon (adult),design_2015_2016_final.csv,2016_Late Summer_Upper Russian River_Coho_Age_0,2.152696,Weight,2.531421,1,38,1,13560,0.252792,5.034,2.531,1.000,2.531,5.034,0.559,0.000,coho/2016_Late Summer_Upper Russian River_Coho_Age_0/Temperature.csv,coho/2016_Late Summer_Upper Russian River_Coho_Age_0/Diet_prop.csv,coho/2016_Late Summer_Upper Russian River_Coho_Age_0/Prey_E.csv,3,coho/2016_Late Summer_Upper Russian River_Coho_Age_0/Indigestible_Prey.csv,2,ED = a+b*W,FALSE,NA,FALSE,NA,FALSE,NA,NA,NA,NA,NA,FALSE
Sun Jun 19 14:44:26 2022,v1.1.3,/Volumes/GoogleDrive/My Drive/UAF Semesters/Thesis/Current Draft/Chapter 1/submissions/new submission/v3_draft_TAFS_Meyer/v3_submission_format/kenai_juv_salmon_growth_analyses/other/FB4_1.1.3_2015_2016.1,FB4_2015_2016_models.csv,22,Coho salmon (adult),design_2015_2016_final.csv,2016_Late Summer_Lower Ptarmigan Creek_Coho_Age_0,3.0674263,Weight,3.123881,1,38,1,13560,0.129883,3.014,3.124,1.000,3.124,3.014,0.809,0.000,coho/2016_Late Summer_Lower Ptarmigan Creek_Coho_Age_0/Temperature.csv,coho/2016_Late Summer_Lower Ptarmigan Creek_Coho_Age_0/Diet_prop.csv,coho/2016_Late Summer_Lower Ptarmigan Creek_Coho_Age_0/Prey_E.csv,3,coho/2016_Late Summer_Lower Ptarmigan Creek_Coho_Age_0/Indigestible_Prey.csv,2,ED = a+b*W,FALSE,NA,FALSE,NA,FALSE,NA,NA,NA,NA,NA,FALSE
Sun Jun 19 14:44:27 2022,v1.1.3,/Volumes/GoogleDrive/My Drive/UAF Semesters/Thesis/Current Draft/Chapter 1/submissions/new submission/v3_draft_TAFS_Meyer/v3_submission_format/kenai_juv_salmon_growth_analyses/other/FB4_1.1.3_2015_2016.1,FB4_2015_2016_models.csv,22,Coho salmon (adult),design_2015_2016_final.csv,2016_Late Summer_Lower Kenai River_Coho_Age_0,1.4599825,Weight,1.463266,1,30,1,13560,0.125244,1.392,1.463,1.000,1.463,1.392,0.393,0.000,coho/2016_Late Summer_Lower Kenai River_Coho_Age_0/Temperature.csv,coho/2016_Late Summer_Lower Kenai River_Coho_Age_0/Diet_prop.csv,coho/2016_Late Summer_Lower Kenai River_Coho_Age_0/Prey_E.csv,3,coho/2016_Late Summer_Lower Kenai River_Coho_Age_0/Indigestible_Prey.csv,2,ED = a+b*W,FALSE,NA,FALSE,NA,FALSE,NA,NA,NA,NA,NA,FALSE
Sun Jun 19 14:44:28 2022,v1.1.3,/Volumes/GoogleDrive/My Drive/UAF Semesters/Thesis/Current Draft/Chapter 1/submissions/new submission/v3_draft_TAFS_Meyer/v3_submission_format/kenai_juv_salmon_growth_analyses/other/FB4_1.1.3_2015_2016.1,FB4_2015_2016_models.csv,22,Coho salmon (adult),design_2015_2016_final.csv,2016_Late Summer_Middle Kenai River_Coho_Age_0,1.2035601,Weight,1.330563,1,33,1,13560,0.145294,1.577,1.331,1.000,1.331,1.577,0.368,0.000,coho/2016_Late Summer_Middle Kenai River_Coho_Age_0/Temperature.csv,coho/2016_Late Summer_Middle Kenai River_Coho_Age_0/Diet_prop.csv,coho/2016_Late Summer_Middle Kenai River_Coho_Age_0/Prey_E.csv,3,coho/2016_Late Summer_Middle Kenai River_Coho_Age_0/Indigestible_Prey.csv,2,ED = a+b*W,FALSE,NA,FALSE,NA,FALSE,NA,NA,NA,NA,NA,FALSE
